,mean,variance
age,38.55617044825678,174.64544245556178
fnlwgt,189738.7984504704,11162437341.45216
education-num,10.119313779745434,6.511375984574581
capital-gain,1102.5762700608743,56403853.20420954
capital-loss,88.68759269507471,164151.87970947239
hours-per-week,40.9425124515772,144.185586949058
